[{"model": "admin.logentry", "pk": 69, "fields": {"action_time": "2022-12-06T17:48:00.600Z", "user": 26, "content_type": 4, "object_id": "24", "object_repr": "Alex", "action_flag": 3, "change_message": ""}}, {"model": "admin.logentry", "pk": 70, "fields": {"action_time": "2022-12-06T17:48:25.827Z", "user": 26, "content_type": 8, "object_id": "1", "object_repr": "Hello", "action_flag": 3, "change_message": ""}}, {"model": "admin.logentry", "pk": 71, "fields": {"action_time": "2022-12-06T17:48:25.829Z", "user": 26, "content_type": 8, "object_id": "2", "object_repr": "Tag", "action_flag": 3, "change_message": ""}}, {"model": "admin.logentry", "pk": 72, "fields": {"action_time": "2022-12-06T17:48:25.831Z", "user": 26, "content_type": 8, "object_id": "8", "object_repr": "Tags!", "action_flag": 3, "change_message": ""}}, {"model": "admin.logentry", "pk": 73, "fields": {"action_time": "2022-12-06T17:48:25.834Z", "user": 26, "content_type": 8, "object_id": "3", "object_repr": "here", "action_flag": 3, "change_message": ""}}, {"model": "admin.logentry", "pk": 74, "fields": {"action_time": "2022-12-06T17:48:25.836Z", "user": 26, "content_type": 8, "object_id": "5", "object_repr": "hi", "action_flag": 3, "change_message": ""}}, {"model": "admin.logentry", "pk": 75, "fields": {"action_time": "2022-12-06T17:48:25.838Z", "user": 26, "content_type": 8, "object_id": "9", "object_repr": "new", "action_flag": 3, "change_message": ""}}, {"model": "admin.logentry", "pk": 76, "fields": {"action_time": "2022-12-06T17:48:25.840Z", "user": 26, "content_type": 8, "object_id": "4", "object_repr": "tag1", "action_flag": 3, "change_message": ""}}, {"model": "admin.logentry", "pk": 77, "fields": {"action_time": "2022-12-06T17:48:25.843Z", "user": 26, "content_type": 8, "object_id": "6", "object_repr": "taggis", "action_flag": 3, "change_message": ""}}, {"model": "admin.logentry", "pk": 78, "fields": {"action_time": "2022-12-06T17:48:25.845Z", "user": 26, "content_type": 8, "object_id": "7", "object_repr": "tags", "action_flag": 3, "change_message": ""}}, {"model": "admin.logentry", "pk": 79, "fields": {"action_time": "2022-12-06T18:42:40.107Z", "user": 26, "content_type": 11, "object_id": "15", "object_repr": "None", "action_flag": 3, "change_message": ""}}, {"model": "admin.logentry", "pk": 80, "fields": {"action_time": "2022-12-06T18:42:40.111Z", "user": 26, "content_type": 11, "object_id": "14", "object_repr": "None", "action_flag": 3, "change_message": ""}}, {"model": "admin.logentry", "pk": 81, "fields": {"action_time": "2022-12-06T18:42:40.114Z", "user": 26, "content_type": 11, "object_id": "13", "object_repr": "None", "action_flag": 3, "change_message": ""}}, {"model": "admin.logentry", "pk": 82, "fields": {"action_time": "2022-12-06T18:42:48.824Z", "user": 26, "content_type": 11, "object_id": "12", "object_repr": "alexa", "action_flag": 2, "change_message": "[{\"changed\": {\"fields\": [\"Logo\"]}}]"}}, {"model": "admin.logentry", "pk": 83, "fields": {"action_time": "2022-12-06T18:47:44.815Z", "user": 26, "content_type": 11, "object_id": "12", "object_repr": "alexa", "action_flag": 2, "change_message": "[{\"changed\": {\"fields\": [\"Logo\"]}}]"}}, {"model": "admin.logentry", "pk": 84, "fields": {"action_time": "2022-12-06T18:47:54.096Z", "user": 26, "content_type": 11, "object_id": "12", "object_repr": "alexa", "action_flag": 2, "change_message": "[{\"changed\": {\"fields\": [\"Logo\"]}}]"}}, {"model": "admin.logentry", "pk": 85, "fields": {"action_time": "2022-12-06T18:48:16.485Z", "user": 26, "content_type": 11, "object_id": "12", "object_repr": "alexa", "action_flag": 2, "change_message": "[{\"changed\": {\"fields\": [\"Logo\"]}}]"}}, {"model": "admin.logentry", "pk": 86, "fields": {"action_time": "2022-12-07T08:35:34.034Z", "user": 26, "content_type": 4, "object_id": "27", "object_repr": "Niko", "action_flag": 1, "change_message": "[{\"added\": {}}]"}}, {"model": "admin.logentry", "pk": 87, "fields": {"action_time": "2022-12-07T08:36:13.726Z", "user": 26, "content_type": 4, "object_id": "27", "object_repr": "Niko", "action_flag": 2, "change_message": "[{\"changed\": {\"fields\": [\"First name\", \"Last name\", \"Email address\"]}}]"}}, {"model": "admin.logentry", "pk": 88, "fields": {"action_time": "2022-12-07T08:36:56.538Z", "user": 26, "content_type": 11, "object_id": "16", "object_repr": "Niko", "action_flag": 2, "change_message": "[{\"changed\": {\"fields\": [\"Bio\", \"Logo\"]}}]"}}, {"model": "admin.logentry", "pk": 89, "fields": {"action_time": "2022-12-07T08:37:20.020Z", "user": 26, "content_type": 4, "object_id": "28", "object_repr": "maria", "action_flag": 1, "change_message": "[{\"added\": {}}]"}}, {"model": "admin.logentry", "pk": 90, "fields": {"action_time": "2022-12-07T08:37:33.992Z", "user": 26, "content_type": 11, "object_id": "17", "object_repr": "maria", "action_flag": 2, "change_message": "[{\"changed\": {\"fields\": [\"Bio\", \"Logo\"]}}]"}}, {"model": "admin.logentry", "pk": 91, "fields": {"action_time": "2022-12-07T08:38:01.574Z", "user": 26, "content_type": 4, "object_id": "28", "object_repr": "maria", "action_flag": 2, "change_message": "[{\"changed\": {\"fields\": [\"First name\", \"Last name\", \"Email address\"]}}]"}}, {"model": "admin.logentry", "pk": 92, "fields": {"action_time": "2022-12-07T08:38:19.263Z", "user": 26, "content_type": 4, "object_id": "29", "object_repr": "Anna", "action_flag": 1, "change_message": "[{\"added\": {}}]"}}, {"model": "admin.logentry", "pk": 93, "fields": {"action_time": "2022-12-07T08:39:03.154Z", "user": 26, "content_type": 4, "object_id": "29", "object_repr": "Anna", "action_flag": 2, "change_message": "[{\"changed\": {\"fields\": [\"First name\", \"Last name\", \"Email address\"]}}]"}}, {"model": "admin.logentry", "pk": 94, "fields": {"action_time": "2022-12-07T08:39:17.853Z", "user": 26, "content_type": 11, "object_id": "18", "object_repr": "Anna", "action_flag": 2, "change_message": "[{\"changed\": {\"fields\": [\"Bio\", \"Logo\"]}}]"}}, {"model": "admin.logentry", "pk": 95, "fields": {"action_time": "2022-12-07T08:40:10.713Z", "user": 26, "content_type": 7, "object_id": "60", "object_repr": "Happy New Year  |  by maria", "action_flag": 1, "change_message": "[{\"added\": {}}]"}}, {"model": "admin.logentry", "pk": 96, "fields": {"action_time": "2022-12-07T08:40:47.483Z", "user": 26, "content_type": 12, "object_id": "27", "object_repr": "Image object (27)", "action_flag": 1, "change_message": "[{\"added\": {}}]"}}, {"model": "admin.logentry", "pk": 97, "fields": {"action_time": "2022-12-07T08:43:48.438Z", "user": 26, "content_type": 4, "object_id": "27", "object_repr": "niko", "action_flag": 2, "change_message": "[{\"changed\": {\"fields\": [\"Username\"]}}]"}}, {"model": "admin.logentry", "pk": 98, "fields": {"action_time": "2022-12-07T08:47:11.545Z", "user": 26, "content_type": 7, "object_id": "61", "object_repr": "Cozy winter  |  by niko", "action_flag": 3, "change_message": ""}}, {"model": "admin.logentry", "pk": 99, "fields": {"action_time": "2022-12-07T08:48:08.724Z", "user": 26, "content_type": 7, "object_id": "62", "object_repr": "Cozy winter  |  by niko", "action_flag": 3, "change_message": ""}}, {"model": "auth.permission", "pk": 1, "fields": {"name": "Can add log entry", "content_type": 1, "codename": "add_logentry"}}, {"model": "auth.permission", "pk": 2, "fields": {"name": "Can change log entry", "content_type": 1, "codename": "change_logentry"}}, {"model": "auth.permission", "pk": 3, "fields": {"name": "Can delete log entry", "content_type": 1, "codename": "delete_logentry"}}, {"model": "auth.permission", "pk": 4, "fields": {"name": "Can view log entry", "content_type": 1, "codename": "view_logentry"}}, {"model": "auth.permission", "pk": 5, "fields": {"name": "Can add permission", "content_type": 2, "codename": "add_permission"}}, {"model": "auth.permission", "pk": 6, "fields": {"name": "Can change permission", "content_type": 2, "codename": "change_permission"}}, {"model": "auth.permission", "pk": 7, "fields": {"name": "Can delete permission", "content_type": 2, "codename": "delete_permission"}}, {"model": "auth.permission", "pk": 8, "fields": {"name": "Can view permission", "content_type": 2, "codename": "view_permission"}}, {"model": "auth.permission", "pk": 9, "fields": {"name": "Can add group", "content_type": 3, "codename": "add_group"}}, {"model": "auth.permission", "pk": 10, "fields": {"name": "Can change group", "content_type": 3, "codename": "change_group"}}, {"model": "auth.permission", "pk": 11, "fields": {"name": "Can delete group", "content_type": 3, "codename": "delete_group"}}, {"model": "auth.permission", "pk": 12, "fields": {"name": "Can view group", "content_type": 3, "codename": "view_group"}}, {"model": "auth.permission", "pk": 13, "fields": {"name": "Can add user", "content_type": 4, "codename": "add_user"}}, {"model": "auth.permission", "pk": 14, "fields": {"name": "Can change user", "content_type": 4, "codename": "change_user"}}, {"model": "auth.permission", "pk": 15, "fields": {"name": "Can delete user", "content_type": 4, "codename": "delete_user"}}, {"model": "auth.permission", "pk": 16, "fields": {"name": "Can view user", "content_type": 4, "codename": "view_user"}}, {"model": "auth.permission", "pk": 17, "fields": {"name": "Can add content type", "content_type": 5, "codename": "add_contenttype"}}, {"model": "auth.permission", "pk": 18, "fields": {"name": "Can change content type", "content_type": 5, "codename": "change_contenttype"}}, {"model": "auth.permission", "pk": 19, "fields": {"name": "Can delete content type", "content_type": 5, "codename": "delete_contenttype"}}, {"model": "auth.permission", "pk": 20, "fields": {"name": "Can view content type", "content_type": 5, "codename": "view_contenttype"}}, {"model": "auth.permission", "pk": 21, "fields": {"name": "Can add session", "content_type": 6, "codename": "add_session"}}, {"model": "auth.permission", "pk": 22, "fields": {"name": "Can change session", "content_type": 6, "codename": "change_session"}}, {"model": "auth.permission", "pk": 23, "fields": {"name": "Can delete session", "content_type": 6, "codename": "delete_session"}}, {"model": "auth.permission", "pk": 24, "fields": {"name": "Can view session", "content_type": 6, "codename": "view_session"}}, {"model": "auth.permission", "pk": 25, "fields": {"name": "Can add post", "content_type": 7, "codename": "add_post"}}, {"model": "auth.permission", "pk": 26, "fields": {"name": "Can change post", "content_type": 7, "codename": "change_post"}}, {"model": "auth.permission", "pk": 27, "fields": {"name": "Can delete post", "content_type": 7, "codename": "delete_post"}}, {"model": "auth.permission", "pk": 28, "fields": {"name": "Can view post", "content_type": 7, "codename": "view_post"}}, {"model": "auth.permission", "pk": 29, "fields": {"name": "Can add tag", "content_type": 8, "codename": "add_tag"}}, {"model": "auth.permission", "pk": 30, "fields": {"name": "Can change tag", "content_type": 8, "codename": "change_tag"}}, {"model": "auth.permission", "pk": 31, "fields": {"name": "Can delete tag", "content_type": 8, "codename": "delete_tag"}}, {"model": "auth.permission", "pk": 32, "fields": {"name": "Can view tag", "content_type": 8, "codename": "view_tag"}}, {"model": "auth.permission", "pk": 33, "fields": {"name": "Can add tagged item", "content_type": 9, "codename": "add_taggeditem"}}, {"model": "auth.permission", "pk": 34, "fields": {"name": "Can change tagged item", "content_type": 9, "codename": "change_taggeditem"}}, {"model": "auth.permission", "pk": 35, "fields": {"name": "Can delete tagged item", "content_type": 9, "codename": "delete_taggeditem"}}, {"model": "auth.permission", "pk": 36, "fields": {"name": "Can view tagged item", "content_type": 9, "codename": "view_taggeditem"}}, {"model": "auth.permission", "pk": 37, "fields": {"name": "Can add profile", "content_type": 10, "codename": "add_profile"}}, {"model": "auth.permission", "pk": 38, "fields": {"name": "Can change profile", "content_type": 10, "codename": "change_profile"}}, {"model": "auth.permission", "pk": 39, "fields": {"name": "Can delete profile", "content_type": 10, "codename": "delete_profile"}}, {"model": "auth.permission", "pk": 40, "fields": {"name": "Can view profile", "content_type": 10, "codename": "view_profile"}}, {"model": "auth.permission", "pk": 41, "fields": {"name": "Can add profile", "content_type": 11, "codename": "add_profile"}}, {"model": "auth.permission", "pk": 42, "fields": {"name": "Can change profile", "content_type": 11, "codename": "change_profile"}}, {"model": "auth.permission", "pk": 43, "fields": {"name": "Can delete profile", "content_type": 11, "codename": "delete_profile"}}, {"model": "auth.permission", "pk": 44, "fields": {"name": "Can view profile", "content_type": 11, "codename": "view_profile"}}, {"model": "auth.permission", "pk": 45, "fields": {"name": "Can add image", "content_type": 12, "codename": "add_image"}}, {"model": "auth.permission", "pk": 46, "fields": {"name": "Can change image", "content_type": 12, "codename": "change_image"}}, {"model": "auth.permission", "pk": 47, "fields": {"name": "Can delete image", "content_type": 12, "codename": "delete_image"}}, {"model": "auth.permission", "pk": 48, "fields": {"name": "Can view image", "content_type": 12, "codename": "view_image"}}, {"model": "auth.permission", "pk": 49, "fields": {"name": "Can add source", "content_type": 13, "codename": "add_source"}}, {"model": "auth.permission", "pk": 50, "fields": {"name": "Can change source", "content_type": 13, "codename": "change_source"}}, {"model": "auth.permission", "pk": 51, "fields": {"name": "Can delete source", "content_type": 13, "codename": "delete_source"}}, {"model": "auth.permission", "pk": 52, "fields": {"name": "Can view source", "content_type": 13, "codename": "view_source"}}, {"model": "auth.permission", "pk": 53, "fields": {"name": "Can add thumbnail", "content_type": 14, "codename": "add_thumbnail"}}, {"model": "auth.permission", "pk": 54, "fields": {"name": "Can change thumbnail", "content_type": 14, "codename": "change_thumbnail"}}, {"model": "auth.permission", "pk": 55, "fields": {"name": "Can delete thumbnail", "content_type": 14, "codename": "delete_thumbnail"}}, {"model": "auth.permission", "pk": 56, "fields": {"name": "Can view thumbnail", "content_type": 14, "codename": "view_thumbnail"}}, {"model": "auth.permission", "pk": 57, "fields": {"name": "Can add thumbnail dimensions", "content_type": 15, "codename": "add_thumbnaildimensions"}}, {"model": "auth.permission", "pk": 58, "fields": {"name": "Can change thumbnail dimensions", "content_type": 15, "codename": "change_thumbnaildimensions"}}, {"model": "auth.permission", "pk": 59, "fields": {"name": "Can delete thumbnail dimensions", "content_type": 15, "codename": "delete_thumbnaildimensions"}}, {"model": "auth.permission", "pk": 60, "fields": {"name": "Can view thumbnail dimensions", "content_type": 15, "codename": "view_thumbnaildimensions"}}, {"model": "auth.permission", "pk": 61, "fields": {"name": "Can add like", "content_type": 16, "codename": "add_like"}}, {"model": "auth.permission", "pk": 62, "fields": {"name": "Can change like", "content_type": 16, "codename": "change_like"}}, {"model": "auth.permission", "pk": 63, "fields": {"name": "Can delete like", "content_type": 16, "codename": "delete_like"}}, {"model": "auth.permission", "pk": 64, "fields": {"name": "Can view like", "content_type": 16, "codename": "view_like"}}, {"model": "auth.user", "pk": 26, "fields": {"password": "pbkdf2_sha256$150000$CAsndnRE5Wtd$HF22WRS3NxDILmb0wxIoqgzwIV32K1C+4O16fGzfevw=", "last_login": "2022-12-07T15:44:59.961Z", "is_superuser": true, "username": "alexa", "first_name": "Alexandra", "last_name": "Kobrynets", "email": "alexa.kobrynets@gmail.com", "is_staff": true, "is_active": true, "date_joined": "2022-12-06T17:47:34.027Z", "groups": [], "user_permissions": []}}, {"model": "auth.user", "pk": 27, "fields": {"password": "pbkdf2_sha256$260000$FTdFqazdNm767EzDHOfA6Q$92Cew98X/X3kd1QE4KGXOfVeW3jF89USr0vxnNZyMVU=", "last_login": "2022-12-07T08:49:04.222Z", "is_superuser": false, "username": "niko", "first_name": "Niko", "last_name": "Markov", "email": "email@gmail.com", "is_staff": false, "is_active": true, "date_joined": "2022-12-07T08:35:33Z", "groups": [], "user_permissions": []}}, {"model": "auth.user", "pk": 28, "fields": {"password": "pbkdf2_sha256$260000$8HAvl2fI64rZbZNgmTZgjL$BdqvsNJsOxzpaqk5O03zatfWjE3sSU37rgVGSGv/hDU=", "last_login": "2022-12-07T08:45:02.841Z", "is_superuser": false, "username": "maria", "first_name": "Maria", "last_name": "Smith", "email": "email@gmail.com", "is_staff": false, "is_active": true, "date_joined": "2022-12-07T08:37:19Z", "groups": [], "user_permissions": []}}, {"model": "auth.user", "pk": 29, "fields": {"password": "pbkdf2_sha256$260000$U4Fz7k3ZkOXhWUS2UAaeq9$aqiH+dnAsdBVhvcHt+lgnnYex+spz/HPuSIve0AIqrY=", "last_login": "2022-12-07T08:49:22.556Z", "is_superuser": false, "username": "Anna", "first_name": "Anna", "last_name": "Houp", "email": "email@gmail.com", "is_staff": false, "is_active": true, "date_joined": "2022-12-07T08:38:19Z", "groups": [], "user_permissions": []}}, {"model": "contenttypes.contenttype", "pk": 1, "fields": {"app_label": "admin", "model": "logentry"}}, {"model": "contenttypes.contenttype", "pk": 2, "fields": {"app_label": "auth", "model": "permission"}}, {"model": "contenttypes.contenttype", "pk": 3, "fields": {"app_label": "auth", "model": "group"}}, {"model": "contenttypes.contenttype", "pk": 4, "fields": {"app_label": "auth", "model": "user"}}, {"model": "contenttypes.contenttype", "pk": 5, "fields": {"app_label": "contenttypes", "model": "contenttype"}}, {"model": "contenttypes.contenttype", "pk": 6, "fields": {"app_label": "sessions", "model": "session"}}, {"model": "contenttypes.contenttype", "pk": 7, "fields": {"app_label": "core", "model": "post"}}, {"model": "contenttypes.contenttype", "pk": 8, "fields": {"app_label": "taggit", "model": "tag"}}, {"model": "contenttypes.contenttype", "pk": 9, "fields": {"app_label": "taggit", "model": "taggeditem"}}, {"model": "contenttypes.contenttype", "pk": 10, "fields": {"app_label": "core", "model": "profile"}}, {"model": "contenttypes.contenttype", "pk": 11, "fields": {"app_label": "users", "model": "profile"}}, {"model": "contenttypes.contenttype", "pk": 12, "fields": {"app_label": "core", "model": "image"}}, {"model": "contenttypes.contenttype", "pk": 13, "fields": {"app_label": "easy_thumbnails", "model": "source"}}, {"model": "contenttypes.contenttype", "pk": 14, "fields": {"app_label": "easy_thumbnails", "model": "thumbnail"}}, {"model": "contenttypes.contenttype", "pk": 15, "fields": {"app_label": "easy_thumbnails", "model": "thumbnaildimensions"}}, {"model": "contenttypes.contenttype", "pk": 16, "fields": {"app_label": "core", "model": "like"}}, {"model": "sessions.session", "pk": "1b54z73yl40kxv6fu8jd4q3nkjjo97ow", "fields": {"session_data": "e30:1p12de:qlI-NAQiN2c1Xlk87hkVuR_mT7YskDENBv1objrfaqY", "expire_date": "2022-12-16T09:47:22.096Z"}}, {"model": "sessions.session", "pk": "8iyhspamwhd36jg36ky6972hy6reh9sq", "fields": {"session_data": "e30:1p0g6R:LKiO0naUKPN0Ddmb8DBIIlnifphG1NsK5z-2cKr8Tc8", "expire_date": "2022-12-15T09:43:35.146Z"}}, {"model": "sessions.session", "pk": "928qn7qemw76j0sxo4cv1xhzopc1oik6", "fields": {"session_data": "e30:1p0fqJ:ljIM1BbA8uZ_PE6r6GazgHwlFegmdh6spudA-PhHT1c", "expire_date": "2022-12-15T09:26:55.359Z"}}, {"model": "sessions.session", "pk": "b8crkqv6lxx4jqdcrao04ti93ikgpixu", "fields": {"session_data": "NmMzZDhlOWYzNzc4ZjlhMTVjZjdjOTYyZDNiMTc2ZDhjMWIzYzc3MDp7Il9hdXRoX3VzZXJfaWQiOiIyNiIsIl9hdXRoX3VzZXJfYmFja2VuZCI6ImRqYW5nby5jb250cmliLmF1dGguYmFja2VuZHMuTW9kZWxCYWNrZW5kIiwiX2F1dGhfdXNlcl9oYXNoIjoiYTM3Yjg0Mzc2NTRhYWE3ZTNjNmVmZDIyZDdlYTM2YWFjZDBiNGQwNCJ9", "expire_date": "2022-12-21T15:44:59.967Z"}}, {"model": "core.post", "pk": 59, "fields": {"title": "First post", "author": 26, "post_date": "2022-12-06", "likes": [26, 28, 29]}}, {"model": "core.post", "pk": 60, "fields": {"title": "Happy New Year", "author": 28, "post_date": "2022-12-07", "likes": [26, 29]}}, {"model": "core.post", "pk": 63, "fields": {"title": "Cozy winter", "author": 27, "post_date": "2022-12-07", "likes": [27, 29]}}, {"model": "core.post", "pk": 64, "fields": {"title": "Family party", "author": 29, "post_date": "2022-12-07", "likes": [26, 29]}}, {"model": "core.like", "pk": 12, "fields": {"user": 26, "post": 59, "value": "Like"}}, {"model": "core.like", "pk": 13, "fields": {"user": 28, "post": 59, "value": "Like"}}, {"model": "core.like", "pk": 14, "fields": {"user": 27, "post": 63, "value": "Like"}}, {"model": "core.like", "pk": 15, "fields": {"user": 27, "post": 60, "value": "Like"}}, {"model": "core.like", "pk": 16, "fields": {"user": 29, "post": 64, "value": "Like"}}, {"model": "core.like", "pk": 17, "fields": {"user": 29, "post": 59, "value": "Like"}}, {"model": "core.like", "pk": 18, "fields": {"user": 29, "post": 63, "value": "Like"}}, {"model": "core.like", "pk": 19, "fields": {"user": 29, "post": 60, "value": "Like"}}, {"model": "core.like", "pk": 20, "fields": {"user": 26, "post": 64, "value": "Like"}}, {"model": "core.image", "pk": 25, "fields": {"post": 59, "image": "images/posts/1.png"}}, {"model": "core.image", "pk": 26, "fields": {"post": 59, "image": "images/posts/2.png"}}, {"model": "core.image", "pk": 27, "fields": {"post": 60, "image": "images/posts/5.png"}}, {"model": "core.image", "pk": 32, "fields": {"post": 63, "image": "images/posts/2_C0RkMiz.png"}}, {"model": "core.image", "pk": 33, "fields": {"post": 63, "image": "images/posts/4_iIw2qga.png"}}, {"model": "core.image", "pk": 34, "fields": {"post": 64, "image": "images/posts/3.png"}}, {"model": "taggit.tag", "pk": 10, "fields": {"name": "tag1", "slug": "tag1"}}, {"model": "taggit.tag", "pk": 11, "fields": {"name": "tag2", "slug": "tag2"}}, {"model": "taggit.tag", "pk": 12, "fields": {"name": "tag3", "slug": "tag3"}}, {"model": "taggit.tag", "pk": 13, "fields": {"name": "newyear", "slug": "newyear"}}, {"model": "taggit.tag", "pk": 14, "fields": {"name": "family", "slug": "family"}}, {"model": "taggit.tag", "pk": 15, "fields": {"name": "cozy", "slug": "cozy"}}, {"model": "taggit.tag", "pk": 16, "fields": {"name": "winter", "slug": "winter"}}, {"model": "taggit.taggeditem", "pk": 17, "fields": {"tag": 10, "content_type": 7, "object_id": 59}}, {"model": "taggit.taggeditem", "pk": 18, "fields": {"tag": 11, "content_type": 7, "object_id": 59}}, {"model": "taggit.taggeditem", "pk": 19, "fields": {"tag": 12, "content_type": 7, "object_id": 59}}, {"model": "taggit.taggeditem", "pk": 20, "fields": {"tag": 10, "content_type": 7, "object_id": 60}}, {"model": "taggit.taggeditem", "pk": 21, "fields": {"tag": 11, "content_type": 7, "object_id": 60}}, {"model": "taggit.taggeditem", "pk": 22, "fields": {"tag": 13, "content_type": 7, "object_id": 60}}, {"model": "taggit.taggeditem", "pk": 28, "fields": {"tag": 16, "content_type": 7, "object_id": 63}}, {"model": "taggit.taggeditem", "pk": 29, "fields": {"tag": 11, "content_type": 7, "object_id": 63}}, {"model": "taggit.taggeditem", "pk": 30, "fields": {"tag": 14, "content_type": 7, "object_id": 63}}, {"model": "taggit.taggeditem", "pk": 31, "fields": {"tag": 16, "content_type": 7, "object_id": 64}}, {"model": "taggit.taggeditem", "pk": 32, "fields": {"tag": 14, "content_type": 7, "object_id": 64}}, {"model": "easy_thumbnails.source", "pk": 1, "fields": {"storage_hash": "f9bde26a1556cd667f742bd34ec7c55e", "name": "images/posts/2020-06-11_10.49.48_7s3ZTUU.jpg", "modified": "2022-12-02T13:03:27.858Z"}}, {"model": "easy_thumbnails.source", "pk": 2, "fields": {"storage_hash": "f9bde26a1556cd667f742bd34ec7c55e", "name": "images/posts/Фото.jpg", "modified": "2022-12-02T13:03:27.905Z"}}, {"model": "easy_thumbnails.source", "pk": 3, "fields": {"storage_hash": "f9bde26a1556cd667f742bd34ec7c55e", "name": "images/posts/2.jpg", "modified": "2022-12-02T13:03:27.931Z"}}, {"model": "easy_thumbnails.source", "pk": 4, "fields": {"storage_hash": "f9bde26a1556cd667f742bd34ec7c55e", "name": "images/posts/2020-06-11_10.49.48_w9hxK3r.jpg", "modified": "2022-12-02T13:30:31.754Z"}}, {"model": "easy_thumbnails.source", "pk": 5, "fields": {"storage_hash": "f9bde26a1556cd667f742bd34ec7c55e", "name": "images/posts/DSCN7088_WV9lOl2.jpeg", "modified": "2022-12-02T15:35:01.493Z"}}, {"model": "easy_thumbnails.source", "pk": 6, "fields": {"storage_hash": "f9bde26a1556cd667f742bd34ec7c55e", "name": "images/posts/DSCN7088_uI2s58o.jpeg", "modified": "2022-12-02T16:23:59.790Z"}}, {"model": "easy_thumbnails.source", "pk": 7, "fields": {"storage_hash": "f9bde26a1556cd667f742bd34ec7c55e", "name": "images/posts/DSCN7088_vhFXmra.jpeg", "modified": "2022-12-03T10:14:43.974Z"}}, {"model": "easy_thumbnails.source", "pk": 8, "fields": {"storage_hash": "f9bde26a1556cd667f742bd34ec7c55e", "name": "images/posts/DSCN7088.jpeg", "modified": "2022-12-03T13:57:39.265Z"}}, {"model": "easy_thumbnails.source", "pk": 9, "fields": {"storage_hash": "f9bde26a1556cd667f742bd34ec7c55e", "name": "images/posts/DSCN7087.jpeg", "modified": "2022-12-03T13:57:39.331Z"}}, {"model": "easy_thumbnails.source", "pk": 10, "fields": {"storage_hash": "f9bde26a1556cd667f742bd34ec7c55e", "name": "images/posts/2020-06-11_10.49.48.jpg", "modified": "2022-12-03T13:57:39.381Z"}}, {"model": "easy_thumbnails.source", "pk": 11, "fields": {"storage_hash": "f9bde26a1556cd667f742bd34ec7c55e", "name": "images/posts/2020-06-11_10.49.48_BjJqs9Y.jpg", "modified": "2022-12-03T13:57:39.442Z"}}, {"model": "easy_thumbnails.source", "pk": 12, "fields": {"storage_hash": "f9bde26a1556cd667f742bd34ec7c55e", "name": "images/posts/2020-06-11_10.49.48_U2RF1B7.jpg", "modified": "2022-12-03T13:57:39.523Z"}}, {"model": "easy_thumbnails.source", "pk": 13, "fields": {"storage_hash": "f9bde26a1556cd667f742bd34ec7c55e", "name": "images/posts/2020-06-11_10.49.48_G46MxLv.jpg", "modified": "2022-12-03T13:57:39.553Z"}}, {"model": "easy_thumbnails.source", "pk": 14, "fields": {"storage_hash": "f9bde26a1556cd667f742bd34ec7c55e", "name": "images/posts/1.jpg", "modified": "2022-12-03T15:27:47.685Z"}}, {"model": "easy_thumbnails.source", "pk": 15, "fields": {"storage_hash": "f9bde26a1556cd667f742bd34ec7c55e", "name": "images/posts/2020-06-11_10.49.48_EPohk8M.jpg", "modified": "2022-12-03T15:27:47.713Z"}}, {"model": "easy_thumbnails.source", "pk": 16, "fields": {"storage_hash": "f9bde26a1556cd667f742bd34ec7c55e", "name": "images/posts/2020-06-11_10.49.48_vN0UfQR.jpg", "modified": "2022-12-03T15:28:18.724Z"}}, {"model": "easy_thumbnails.source", "pk": 17, "fields": {"storage_hash": "f9bde26a1556cd667f742bd34ec7c55e", "name": "images/posts/1_VNpYczI.jpg", "modified": "2022-12-03T15:28:18.752Z"}}, {"model": "easy_thumbnails.source", "pk": 18, "fields": {"storage_hash": "f9bde26a1556cd667f742bd34ec7c55e", "name": "images/posts/2020-06-11_10.49.48_WGzRcsQ.jpg", "modified": "2022-12-03T15:39:39.630Z"}}, {"model": "easy_thumbnails.source", "pk": 19, "fields": {"storage_hash": "f9bde26a1556cd667f742bd34ec7c55e", "name": "images/posts/1_44iXeNA.jpg", "modified": "2022-12-03T15:39:39.655Z"}}, {"model": "easy_thumbnails.source", "pk": 20, "fields": {"storage_hash": "f9bde26a1556cd667f742bd34ec7c55e", "name": "images/posts/1_5GW6O5n.jpg", "modified": "2022-12-05T09:49:06.283Z"}}, {"model": "easy_thumbnails.source", "pk": 21, "fields": {"storage_hash": "f9bde26a1556cd667f742bd34ec7c55e", "name": "images/posts/1_6oNMn78.jpg", "modified": "2022-12-05T09:50:09.444Z"}}, {"model": "easy_thumbnails.source", "pk": 22, "fields": {"storage_hash": "f9bde26a1556cd667f742bd34ec7c55e", "name": "images/posts/2020-06-11_10.49.48_qw0xaWi.jpg", "modified": "2022-12-05T09:55:56.962Z"}}, {"model": "easy_thumbnails.source", "pk": 23, "fields": {"storage_hash": "f9bde26a1556cd667f742bd34ec7c55e", "name": "images/posts/1_Ufynrmm.jpg", "modified": "2022-12-05T09:59:20.172Z"}}, {"model": "easy_thumbnails.source", "pk": 24, "fields": {"storage_hash": "f9bde26a1556cd667f742bd34ec7c55e", "name": "images/posts/1_Hh5WwYk.jpg", "modified": "2022-12-06T11:50:54.993Z"}}, {"model": "easy_thumbnails.source", "pk": 25, "fields": {"storage_hash": "f9bde26a1556cd667f742bd34ec7c55e", "name": "images/posts/1.png", "modified": "2022-12-07T08:41:39.084Z"}}, {"model": "easy_thumbnails.source", "pk": 26, "fields": {"storage_hash": "f9bde26a1556cd667f742bd34ec7c55e", "name": "images/posts/2.png", "modified": "2022-12-07T08:41:39.411Z"}}, {"model": "easy_thumbnails.source", "pk": 27, "fields": {"storage_hash": "f9bde26a1556cd667f742bd34ec7c55e", "name": "images/posts/5.png", "modified": "2022-12-07T08:41:38.801Z"}}, {"model": "easy_thumbnails.source", "pk": 28, "fields": {"storage_hash": "f9bde26a1556cd667f742bd34ec7c55e", "name": "images/posts/4.png", "modified": "2022-12-07T08:46:25.930Z"}}, {"model": "easy_thumbnails.source", "pk": 29, "fields": {"storage_hash": "f9bde26a1556cd667f742bd34ec7c55e", "name": "images/posts/2_itgDZ0a.png", "modified": "2022-12-07T08:46:26.196Z"}}, {"model": "easy_thumbnails.source", "pk": 30, "fields": {"storage_hash": "f9bde26a1556cd667f742bd34ec7c55e", "name": "images/posts/4_21LrEPp.png", "modified": "2022-12-07T08:47:54.401Z"}}, {"model": "easy_thumbnails.source", "pk": 31, "fields": {"storage_hash": "f9bde26a1556cd667f742bd34ec7c55e", "name": "images/posts/2_iBUfRN8.png", "modified": "2022-12-07T08:47:54.673Z"}}, {"model": "easy_thumbnails.source", "pk": 32, "fields": {"storage_hash": "f9bde26a1556cd667f742bd34ec7c55e", "name": "images/posts/2_C0RkMiz.png", "modified": "2022-12-07T08:48:48.291Z"}}, {"model": "easy_thumbnails.source", "pk": 33, "fields": {"storage_hash": "f9bde26a1556cd667f742bd34ec7c55e", "name": "images/posts/4_iIw2qga.png", "modified": "2022-12-07T08:48:48.630Z"}}, {"model": "easy_thumbnails.source", "pk": 34, "fields": {"storage_hash": "f9bde26a1556cd667f742bd34ec7c55e", "name": "images/posts/3.png", "modified": "2022-12-07T08:49:45.690Z"}}, {"model": "easy_thumbnails.thumbnail", "pk": 1, "fields": {"storage_hash": "d26becbf46ac48eda79c7a39a13a02dd", "name": "images/posts/2020-06-11_10.49.48_7s3ZTUU.jpg.200x200_q85_crop.jpg", "modified": "2022-12-02T13:03:27.866Z", "source": 1}}, {"model": "easy_thumbnails.thumbnail", "pk": 2, "fields": {"storage_hash": "d26becbf46ac48eda79c7a39a13a02dd", "name": "images/posts/Фото.jpg.200x200_q85_crop.jpg", "modified": "2022-12-02T13:03:27.908Z", "source": 2}}, {"model": "easy_thumbnails.thumbnail", "pk": 3, "fields": {"storage_hash": "d26becbf46ac48eda79c7a39a13a02dd", "name": "images/posts/2.jpg.200x200_q85_crop.jpg", "modified": "2022-12-02T13:03:27.934Z", "source": 3}}, {"model": "easy_thumbnails.thumbnail", "pk": 4, "fields": {"storage_hash": "d26becbf46ac48eda79c7a39a13a02dd", "name": "images/posts/2020-06-11_10.49.48_w9hxK3r.jpg.200x200_q85_crop.jpg", "modified": "2022-12-02T13:30:31.758Z", "source": 4}}, {"model": "easy_thumbnails.thumbnail", "pk": 5, "fields": {"storage_hash": "d26becbf46ac48eda79c7a39a13a02dd", "name": "images/posts/DSCN7088_WV9lOl2.jpeg.200x200_q85_crop.jpg", "modified": "2022-12-02T15:35:01.497Z", "source": 5}}, {"model": "easy_thumbnails.thumbnail", "pk": 6, "fields": {"storage_hash": "d26becbf46ac48eda79c7a39a13a02dd", "name": "images/posts/DSCN7088_uI2s58o.jpeg.200x200_q85_crop.jpg", "modified": "2022-12-02T16:23:59.793Z", "source": 6}}, {"model": "easy_thumbnails.thumbnail", "pk": 7, "fields": {"storage_hash": "d26becbf46ac48eda79c7a39a13a02dd", "name": "images/posts/DSCN7088_vhFXmra.jpeg.200x200_q85_crop.jpg", "modified": "2022-12-03T10:14:43.979Z", "source": 7}}, {"model": "easy_thumbnails.thumbnail", "pk": 8, "fields": {"storage_hash": "d26becbf46ac48eda79c7a39a13a02dd", "name": "images/posts/DSCN7088.jpeg.200x200_q85_crop.jpg", "modified": "2022-12-03T13:57:39.269Z", "source": 8}}, {"model": "easy_thumbnails.thumbnail", "pk": 9, "fields": {"storage_hash": "d26becbf46ac48eda79c7a39a13a02dd", "name": "images/posts/DSCN7087.jpeg.200x200_q85_crop.jpg", "modified": "2022-12-03T13:57:39.340Z", "source": 9}}, {"model": "easy_thumbnails.thumbnail", "pk": 10, "fields": {"storage_hash": "d26becbf46ac48eda79c7a39a13a02dd", "name": "images/posts/2020-06-11_10.49.48.jpg.200x200_q85_crop.jpg", "modified": "2022-12-03T13:57:39.385Z", "source": 10}}, {"model": "easy_thumbnails.thumbnail", "pk": 11, "fields": {"storage_hash": "d26becbf46ac48eda79c7a39a13a02dd", "name": "images/posts/2020-06-11_10.49.48_BjJqs9Y.jpg.200x200_q85_crop.jpg", "modified": "2022-12-03T13:57:39.446Z", "source": 11}}, {"model": "easy_thumbnails.thumbnail", "pk": 12, "fields": {"storage_hash": "d26becbf46ac48eda79c7a39a13a02dd", "name": "images/posts/2020-06-11_10.49.48_U2RF1B7.jpg.200x200_q85_crop.jpg", "modified": "2022-12-03T13:57:39.529Z", "source": 12}}, {"model": "easy_thumbnails.thumbnail", "pk": 13, "fields": {"storage_hash": "d26becbf46ac48eda79c7a39a13a02dd", "name": "images/posts/2020-06-11_10.49.48_G46MxLv.jpg.200x200_q85_crop.jpg", "modified": "2022-12-03T13:57:39.555Z", "source": 13}}, {"model": "easy_thumbnails.thumbnail", "pk": 14, "fields": {"storage_hash": "d26becbf46ac48eda79c7a39a13a02dd", "name": "images/posts/1.jpg.200x200_q85_crop.jpg", "modified": "2022-12-03T15:27:47.688Z", "source": 14}}, {"model": "easy_thumbnails.thumbnail", "pk": 15, "fields": {"storage_hash": "d26becbf46ac48eda79c7a39a13a02dd", "name": "images/posts/2020-06-11_10.49.48_EPohk8M.jpg.200x200_q85_crop.jpg", "modified": "2022-12-03T15:27:47.715Z", "source": 15}}, {"model": "easy_thumbnails.thumbnail", "pk": 16, "fields": {"storage_hash": "d26becbf46ac48eda79c7a39a13a02dd", "name": "images/posts/2020-06-11_10.49.48_vN0UfQR.jpg.200x200_q85_crop.jpg", "modified": "2022-12-03T15:28:18.726Z", "source": 16}}, {"model": "easy_thumbnails.thumbnail", "pk": 17, "fields": {"storage_hash": "d26becbf46ac48eda79c7a39a13a02dd", "name": "images/posts/1_VNpYczI.jpg.200x200_q85_crop.jpg", "modified": "2022-12-03T15:28:18.755Z", "source": 17}}, {"model": "easy_thumbnails.thumbnail", "pk": 18, "fields": {"storage_hash": "d26becbf46ac48eda79c7a39a13a02dd", "name": "images/posts/2020-06-11_10.49.48_WGzRcsQ.jpg.200x200_q85_crop.jpg", "modified": "2022-12-03T15:39:39.633Z", "source": 18}}, {"model": "easy_thumbnails.thumbnail", "pk": 19, "fields": {"storage_hash": "d26becbf46ac48eda79c7a39a13a02dd", "name": "images/posts/1_44iXeNA.jpg.200x200_q85_crop.jpg", "modified": "2022-12-03T15:39:39.658Z", "source": 19}}, {"model": "easy_thumbnails.thumbnail", "pk": 20, "fields": {"storage_hash": "d26becbf46ac48eda79c7a39a13a02dd", "name": "images/posts/1_5GW6O5n.jpg.200x200_q85_crop.jpg", "modified": "2022-12-05T09:49:06.285Z", "source": 20}}, {"model": "easy_thumbnails.thumbnail", "pk": 21, "fields": {"storage_hash": "d26becbf46ac48eda79c7a39a13a02dd", "name": "images/posts/1_6oNMn78.jpg.200x200_q85_crop.jpg", "modified": "2022-12-05T09:50:09.447Z", "source": 21}}, {"model": "easy_thumbnails.thumbnail", "pk": 22, "fields": {"storage_hash": "d26becbf46ac48eda79c7a39a13a02dd", "name": "images/posts/2020-06-11_10.49.48_qw0xaWi.jpg.200x200_q85_crop.jpg", "modified": "2022-12-05T09:55:56.966Z", "source": 22}}, {"model": "easy_thumbnails.thumbnail", "pk": 23, "fields": {"storage_hash": "d26becbf46ac48eda79c7a39a13a02dd", "name": "images/posts/1_Ufynrmm.jpg.200x200_q85_crop.jpg", "modified": "2022-12-05T09:59:20.176Z", "source": 23}}, {"model": "easy_thumbnails.thumbnail", "pk": 24, "fields": {"storage_hash": "d26becbf46ac48eda79c7a39a13a02dd", "name": "images/posts/1_Hh5WwYk.jpg.200x200_q85_crop.jpg", "modified": "2022-12-06T11:50:54.998Z", "source": 24}}, {"model": "easy_thumbnails.thumbnail", "pk": 25, "fields": {"storage_hash": "d26becbf46ac48eda79c7a39a13a02dd", "name": "images/posts/1.png.200x200_q85_crop.png", "modified": "2022-12-06T18:04:24.137Z", "source": 25}}, {"model": "easy_thumbnails.thumbnail", "pk": 26, "fields": {"storage_hash": "d26becbf46ac48eda79c7a39a13a02dd", "name": "images/posts/2.png.200x200_q85_crop.png", "modified": "2022-12-06T18:04:24.250Z", "source": 26}}, {"model": "easy_thumbnails.thumbnail", "pk": 27, "fields": {"storage_hash": "d26becbf46ac48eda79c7a39a13a02dd", "name": "images/posts/5.png.200x200_q85_crop.png", "modified": "2022-12-07T08:40:52.553Z", "source": 27}}, {"model": "easy_thumbnails.thumbnail", "pk": 28, "fields": {"storage_hash": "d26becbf46ac48eda79c7a39a13a02dd", "name": "images/posts/5.png.500x500_q85_crop.png", "modified": "2022-12-07T08:41:38.805Z", "source": 27}}, {"model": "easy_thumbnails.thumbnail", "pk": 29, "fields": {"storage_hash": "d26becbf46ac48eda79c7a39a13a02dd", "name": "images/posts/1.png.500x500_q85_crop.png", "modified": "2022-12-07T08:41:39.087Z", "source": 25}}, {"model": "easy_thumbnails.thumbnail", "pk": 30, "fields": {"storage_hash": "d26becbf46ac48eda79c7a39a13a02dd", "name": "images/posts/2.png.500x500_q85_crop.png", "modified": "2022-12-07T08:41:39.413Z", "source": 26}}, {"model": "easy_thumbnails.thumbnail", "pk": 31, "fields": {"storage_hash": "d26becbf46ac48eda79c7a39a13a02dd", "name": "images/posts/4.png.500x500_q85_crop.png", "modified": "2022-12-07T08:46:25.935Z", "source": 28}}, {"model": "easy_thumbnails.thumbnail", "pk": 32, "fields": {"storage_hash": "d26becbf46ac48eda79c7a39a13a02dd", "name": "images/posts/2_itgDZ0a.png.500x500_q85_crop.png", "modified": "2022-12-07T08:46:26.198Z", "source": 29}}, {"model": "easy_thumbnails.thumbnail", "pk": 33, "fields": {"storage_hash": "d26becbf46ac48eda79c7a39a13a02dd", "name": "images/posts/4_21LrEPp.png.500x500_q85_crop.png", "modified": "2022-12-07T08:47:54.404Z", "source": 30}}, {"model": "easy_thumbnails.thumbnail", "pk": 34, "fields": {"storage_hash": "d26becbf46ac48eda79c7a39a13a02dd", "name": "images/posts/2_iBUfRN8.png.500x500_q85_crop.png", "modified": "2022-12-07T08:47:54.676Z", "source": 31}}, {"model": "easy_thumbnails.thumbnail", "pk": 35, "fields": {"storage_hash": "d26becbf46ac48eda79c7a39a13a02dd", "name": "images/posts/2_C0RkMiz.png.500x500_q85_crop.png", "modified": "2022-12-07T08:48:48.295Z", "source": 32}}, {"model": "easy_thumbnails.thumbnail", "pk": 36, "fields": {"storage_hash": "d26becbf46ac48eda79c7a39a13a02dd", "name": "images/posts/4_iIw2qga.png.500x500_q85_crop.png", "modified": "2022-12-07T08:48:48.633Z", "source": 33}}, {"model": "easy_thumbnails.thumbnail", "pk": 37, "fields": {"storage_hash": "d26becbf46ac48eda79c7a39a13a02dd", "name": "images/posts/3.png.500x500_q85_crop.png", "modified": "2022-12-07T08:49:45.692Z", "source": 34}}]